Tot_VM, Throughput, response_time , SaaS_index , app_index , WS_index
6,189.961,0.00794383,0,0,0
6,178.029,0.00830436,0,0,1
6,114.229,0.0426303,0,0,2
