{"name": "Test0_0", "nservers": "6", "max_request": -1, "workload": {"class0": {"lambda": "261.574", "mu_min": 224.989812, "mu_max": 423.01018799999997, "delay_min": 0.00276901683075, "delay_max": 0.00490948316925}, "class1": {"lambda": "245.056", "mu_min": 355.0, "mu_max": 355.0, "delay_min": 0.0046631, "delay_max": 0.0046631}, "class2": {"lambda": "156.741", "mu_min": 312.0, "mu_max": 312.0, "delay_min": 0.0383131, "delay_max": 0.0383131}}}