{"name": "Test0_0", "nservers": 1, "max_request": -1, "workload": {"class0": {"lambda": "245.056", "mu_min": 355.0, "mu_max": 355.0, "delay_min": 0.0046631, "delay_max": 0.0046631}, "class1": {"lambda": "245.056", "mu_min": 355.0, "mu_max": 355.0, "delay_min": 0.0046631, "delay_max": 0.0046631}, "class2": {"lambda": "245.056", "mu_min": 355.0, "mu_max": 355.0, "delay_min": 0.0046631, "delay_max": 0.0046631}}}