Tot_VM, Throughput, response_time , SaaS_index , app_index , WS_index
4,138.483,0.00807505,0,0,0
4,129.802,0.00840725,0,0,1
4,83.3829,0.0427757,0,0,2
