Tot_VM, Throughput, response_time , SaaS_index , app_index , WS_index
5,152.922,0.00789863,0,0,0
5,143.329,0.00826875,0,0,1
5,92.035,0.0425804,0,0,2
