Tot_VM, Throughput, response_time , SaaS_index , app_index , WS_index
3,87.2147,0.00783737,0,0,0
3,81.7705,0.00822033,0,0,1
3,52.6617,0.0425127,0,0,2
