Tot_VM, Throughput, response_time , SaaS_index , app_index , WS_index
4,137.018,0.00805845,0,0,0
4,128.429,0.00839428,0,0,1
4,82.5052,0.0427573,0,0,2
