Tot_VM, Throughput, response_time , SaaS_index , app_index , WS_index
3,107.513,0.00813186,0,0,0
3,100.787,0.00845158,0,0,1
3,64.8248,0.0428388,0,0,2
