Tot_VM, Throughput, response_time , SaaS_index , app_index , WS_index
5,171.755,0.00806239,0,0,0
5,160.973,0.00839736,0,0,1
5,103.32,0.0427617,0,0,2
