LAMBDA_a_w , lambda_a_w , D_a_w , mu_a_w , R_bar_a_w , nu_a_w, SaaS_index , app_index , WS_index
213.444,170.755,0.00383925,324,0.0103885,4.5e-07,0,0,0
199.966,159.973,0.0046631,355,0.01122,4.5e-07,0,0,1
127.9,102.32,0.0383131,312,0.0622774,4.5e-07,0,0,2
