Tot_VM, Throughput, response_time , SaaS_index , app_index , WS_index
3,106.676,0.00811886,0,0,0
3,100.003,0.00844145,0,0,1
3,64.3232,0.0428244,0,0,2
