LAMBDA_a_w , lambda_a_w , D_a_w , mu_a_w , R_bar_a_w , nu_a_w, SaaS_index , app_index , WS_index
132.095,105.676,0.00383925,324,0.0103885,4.5e-07,0,0,0
123.753,99.0027,0.0046631,355,0.01122,4.5e-07,0,0,1
79.154,63.3232,0.0383131,312,0.0622774,4.5e-07,0,0,2
