T , N , gamma , rho , delta , mu_dev , D_dev , omega
3600,10000,1,1.84556,7.38225,0.305587,0.278761,0
