q_j , eta_j , R_j , SaaS_index
0.512488,0.25,500,0
0.680734,0.25,500,1
0.831572,0.25,500,2
0.788346,0.25,500,3
0.422084,0.25,500,4
0.303169,0.25,500,5
0.824329,0.25,500,6
0.408147,0.25,500,7
0.25014,0.25,500,8
0.712201,0.25,500,9
