Tot_VM, Throughput, response_time , SaaS_index , app_index , WS_index
3,84.0759,0.0077954,0,0,0
3,78.8299,0.00818707,0,0,1
3,50.7808,0.0424664,0,0,2
