Tot_VM, Throughput, response_time , SaaS_index , app_index , WS_index
4,121.952,0.00789499,0,0,0
4,114.314,0.00826587,0,0,1
4,73.4769,0.0425763,0,0,2
