LAMBDA_a_w , lambda_a_w , D_a_w , mu_a_w , R_bar_a_w , nu_a_w, SaaS_index , app_index , WS_index
151.19,120.952,0.00383925,324,0.0103885,4.5e-07,0,0,0
141.643,113.314,0.0046631,355,0.01122,4.5e-07,0,0,1
90.5961,72.4769,0.0383131,312,0.0622774,4.5e-07,0,0,2
