Tot_VM, Throughput, response_time , SaaS_index , app_index , WS_index
3,92.4462,0.00790933,0,0,0
3,86.6717,0.00827719,0,0,1
3,55.7965,0.0425922,0,0,2
