Tot_VM, Throughput, response_time , SaaS_index , app_index , WS_index
3,98.5147,0.00799613,0,0,0
3,92.357,0.00834546,0,0,1
3,59.4329,0.0426882,0,0,2
