Tot_VM, Throughput, response_time , SaaS_index , app_index , WS_index
4,133.88,0.00802332,0,0,0
4,125.489,0.00836678,0,0,1
4,80.6243,0.0427184,0,0,2
