Tot_VM, Throughput, response_time , SaaS_index , app_index , WS_index
4,128.648,0.00796604,0,0,0
4,120.587,0.00832183,0,0,1
4,77.4895,0.0426549,0,0,2
