Tot_VM, Throughput, response_time , SaaS_index , app_index , WS_index
5,168.617,0.00803419,0,0,0
5,158.032,0.0083753,0,0,1
5,101.439,0.0427304,0,0,2
