Tot_VM, Throughput, response_time , SaaS_index , app_index , WS_index
5,179.289,0.00813166,0,0,0
5,168.03,0.00845142,0,0,1
5,107.834,0.0428386,0,0,2
