T , N , gamma , rho , delta , mu_dev , D_dev , omega
3600,100,0,2.57869,10.3148,0.305587,0.278761,0.0941906
