Throughput, response_time , SaaS_index , app_index , WS_index
105.113,0.00809704,0,0,0
98.4754,0.00842443,0,0,1
62.986,0.0428002,0,0,2
130.293,0.0528717,0,0,3
137.952,0.033109,0,0,4
