Tot_VM, Throughput, response_time , SaaS_index , app_index , WS_index
5,172.383,0.00806808,0,0,0
5,161.561,0.00840181,0,0,1
5,103.696,0.042768,0,0,2
