LAMBDA_a_w , lambda_a_w , D_a_w , mu_a_w , R_bar_a_w , nu_a_w, SaaS_index , app_index , WS_index
131.391,105.113,0.00383925,324,0.0103885,4.5e-07,0,0,0
123.094,98.4754,0.0046631,355,0.01122,4.5e-07,0,0,1
78.7324,62.986,0.0383131,312,0.0622774,4.5e-07,0,0,2
162.866,130.293,0.0492467,365,0.0779797,4.5e-07,0,0,3
172.44,137.952,0.0286619,314,0.0477699,4.5e-07,0,0,4
