LAMBDA_a_w , lambda_a_w , D_a_w , mu_a_w , R_bar_a_w , nu_a_w, SaaS_index , app_index , WS_index
349.318,279.454,0.00383925,324,0.0103885,4.5e-07,0,0,0
327.26,261.808,0.0046631,355,0.01122,4.5e-07,0,0,1
