Tot_VM, Throughput, response_time , SaaS_index , app_index , WS_index
4,108.978,0.00776405,0,0,0
4,102.159,0.00816217,0,0,1
4,65.7026,0.0424319,0,0,2
