Tot_VM, Throughput, response_time , SaaS_index , app_index , WS_index
4,143.087,0.00812807,0,0,0
4,134.115,0.00844863,0,0,1
4,86.1415,0.0428346,0,0,2
