Tot_VM, Throughput, response_time , SaaS_index , app_index , WS_index
6,185.985,0.00791571,0,0,0
6,174.304,0.00828221,0,0,1
6,111.847,0.0425992,0,0,2
