Tot_VM, Throughput, response_time , SaaS_index , app_index , WS_index
3,80.3092,0.00774618,0,0,0
3,75.3011,0.00814796,0,0,1
3,48.5238,0.0424122,0,0,2
