LAMBDA_a_w , lambda_a_w , D_a_w , mu_a_w , R_bar_a_w , nu_a_w, SaaS_index , app_index , WS_index
99.1365,79.3092,0.00383925,324,0.0103885,4.5e-07,0,0,0
92.8763,74.3011,0.0046631,355,0.01122,4.5e-07,0,0,1
59.4047,47.5238,0.0383131,312,0.0622774,4.5e-07,0,0,2
