Tot_VM, Throughput, response_time , SaaS_index , app_index , WS_index
6,183.055,0.00789524,0,0,0
6,171.559,0.00826607,0,0,1
6,110.092,0.0425766,0,0,2
